Date,Average_Sentiment
2011-04-27,0.0
2011-04-28,0.125
2011-04-29,0.36755
2011-04-30,0.2023
2011-05-01,0.0
2011-05-02,0.13644444444444445
2011-05-03,0.0
2011-05-05,-0.042666666666666665
2011-05-06,0.06743333333333333
2011-05-07,0.31845
2011-05-09,-0.22293333333333332
2011-05-11,0.19666666666666668
2011-05-12,0.2023
2011-05-13,0.185475
2011-05-15,0.0
2011-05-16,0.0
2011-05-17,-0.045566666666666665
2011-05-18,0.0
2011-05-19,0.0
2011-05-20,0.296
2011-05-22,0.101
2011-05-23,0.22646666666666668
2011-05-24,0.053724999999999995
2011-05-25,0.28597777777777783
2011-05-26,-0.27115
2011-05-27,-0.11333333333333334
2011-05-29,0.5334
2011-05-30,0.0
2011-05-31,0.13584285714285713
2011-06-01,0.23263333333333333
2011-06-02,0.0
2011-06-03,0.1589
2011-06-06,-0.06534285714285713
2011-06-07,0.14701999999999998
2011-06-08,0.25605
2011-06-09,0.04917142857142857
2011-06-10,0.05006666666666667
2011-06-12,0.0
2011-06-13,0.0
2011-06-14,0.205675
2011-06-15,-0.014050000000000007
2011-06-16,0.19469999999999998
2011-06-17,-0.19455714285714285
2011-06-19,0.0
2011-06-20,0.16648000000000002
2011-06-21,0.29969999999999997
2011-06-22,0.0
2011-06-23,-0.0567
2011-06-24,0.2502
2011-06-27,0.0
2011-06-28,-0.39655999999999997
2011-06-29,0.13176666666666667
2011-06-30,0.381
2011-07-01,0.16015
2011-07-03,0.0
2011-07-05,0.245675
2011-07-06,0.045457142857142856
2011-07-07,0.18076666666666666
2011-07-08,-0.09866666666666667
2011-07-09,0.0
2011-07-11,-0.12101999999999999
2011-07-12,0.13366666666666668
2011-07-13,-0.05528333333333333
2011-07-14,-0.05069999999999999
2011-07-15,0.0
2011-07-18,0.059199999999999996
2011-07-19,-0.19457999999999998
2011-07-20,-0.14518750000000002
2011-07-21,-0.17612
2011-07-22,0.12021818181818182
2011-07-23,0.0
2011-07-25,0.29936666666666667
2011-07-26,-0.03865999999999999
2011-07-27,0.15484285714285714
2011-07-28,0.16158999999999998
2011-07-29,-0.29145
2011-07-31,0.0
2011-08-01,0.13266666666666668
2011-08-02,-0.0063499999999999945
2011-08-03,0.013486666666666668
2011-08-04,0.12420000000000002
2011-08-05,-0.0403375
2011-08-08,0.03975454545454546
2011-08-09,-0.10189999999999999
2011-08-10,0.08986000000000002
2011-08-11,-0.035965217391304344
2011-08-12,0.1366
2011-08-13,0.2023
2011-08-15,0.36672499999999997
2011-08-16,0.0
2011-08-17,0.0
2011-08-18,0.41829999999999995
2011-08-19,0.0622
2011-08-20,0.0
2011-08-22,0.20397500000000002
2011-08-23,-0.03206
2011-08-24,0.31716
2011-08-25,0.05064
2011-08-26,-0.062366666666666654
2011-08-29,0.0
2011-08-30,0.0
2011-08-31,0.24183333333333334
2011-09-01,-0.0386
2011-09-06,0.4795
2011-09-07,0.1468
2011-09-08,0.10651999999999999
2011-09-09,0.38915
2011-09-11,0.0
2011-09-12,-0.046385714285714294
2011-09-13,-0.006066666666666665
2011-09-14,0.1814
2011-09-15,0.2801
2011-09-16,0.10115
2011-09-19,0.06743333333333333
2011-09-20,0.10711666666666668
2011-09-21,0.0
2011-09-22,-0.3178
2011-09-23,-0.10846
2011-09-26,-0.08109999999999998
2011-09-27,0.033716666666666666
2011-09-28,0.02476666666666667
2011-09-29,-0.1686857142857143
2011-10-03,0.17452
2011-10-04,0.119175
2011-10-05,-0.07306666666666665
2011-10-06,0.3322142857142857
2011-10-07,0.0
2011-10-10,0.4019
2011-10-11,0.12594
2011-10-12,0.12480000000000001
2011-10-13,0.2232333333333333
2011-10-14,0.34859999999999997
2011-10-17,0.2732
2011-10-18,0.06743333333333333
2011-10-19,0.04046
2011-10-20,0.015514285714285718
2011-10-24,0.4215
2011-10-26,0.11177999999999999
2011-10-27,-0.1139
2011-10-28,0.5859
2011-11-01,0.2202
2011-11-02,-0.296
2011-11-03,-0.1531
2011-11-05,0.5106
2011-11-07,0.167625
2011-11-09,-0.00645
2011-11-10,-0.2732
2011-11-11,-0.09784000000000001
2011-11-13,0.0
2011-11-14,0.09878
2011-11-15,0.1858
2011-11-16,0.09228888888888889
2011-11-17,0.0
2011-11-20,0.0
2011-11-21,0.039977777777777786
2011-11-22,0.0
2011-11-23,0.0
2011-11-25,0.0
2011-11-28,0.2015875
2011-11-29,0.2023
2011-11-30,0.0
2011-12-01,0.09967499999999999
2011-12-02,-0.11905
2011-12-04,0.3818
2011-12-05,0.148
2011-12-06,-0.3767666666666667
2011-12-08,0.2892
2011-12-10,0.0
2011-12-12,0.30802857142857143
2011-12-14,0.31596
2011-12-15,-0.019700000000000006
2011-12-16,0.0172
2011-12-19,0.01100000000000001
2011-12-20,0.12861666666666668
2011-12-21,0.0058
2011-12-22,0.5574
2011-12-27,0.0
2012-01-02,0.0
2012-01-03,0.24975
2012-01-04,0.018025
2012-01-05,0.06743333333333333
2012-01-06,0.765
2012-01-09,0.0
2012-01-10,0.0683
2012-01-11,0.0
2012-01-12,0.5106
2012-01-13,0.04492499999999999
2012-01-17,0.0
2012-01-18,0.26448
2012-01-19,0.09106666666666667
2012-01-23,0.0
2012-01-25,-0.00441666666666668
2012-01-26,0.059199999999999996
2012-01-27,0.148
2012-01-30,0.151725
2012-01-31,0.0
2012-02-01,0.43664285714285717
2012-02-02,0.0
2012-02-05,0.0
2012-02-06,0.40747999999999995
2012-02-07,-0.124875
2012-02-08,0.123475
2012-02-09,0.0
2012-02-12,0.0
2012-02-13,0.0
2012-02-14,-0.15465714285714285
2012-02-15,0.2727142857142857
2012-02-16,0.33132500000000004
2012-02-17,0.69845
2012-02-20,-0.09866666666666667
2012-02-21,0.4404
2012-02-22,0.0
2012-02-23,0.12040000000000001
2012-02-24,0.3818
2012-02-27,0.0
2012-02-28,0.0
2012-02-29,0.01544
2012-03-01,0.08553846153846155
2012-03-03,0.3818
2012-03-04,0.0
2012-03-05,0.119175
2012-03-06,0.08418
2012-03-07,0.30405
2012-03-08,-0.128
2012-03-09,-0.064
2012-03-11,-0.2202
2012-03-12,0.4628333333333334
2012-03-13,-0.17759999999999998
2012-03-14,0.0
2012-03-16,0.07636
2012-03-19,0.024800000000000013
2012-03-20,0.0
2012-03-21,0.45826
2012-03-22,0.23265833333333333
2012-03-23,0.0
2012-03-26,0.1594
2012-03-27,0.08925
2012-03-28,0.04983
2012-03-29,0.0
2012-03-30,0.0
2012-04-02,-0.05558
2012-04-03,0.0
2012-04-04,-0.0899
2012-04-05,0.296
2012-04-06,0.0
2012-04-10,0.0
2012-04-11,0.007599999999999996
2012-04-12,0.0
2012-04-13,-0.027600000000000013
2012-04-16,0.23086666666666664
2012-04-17,0.06698333333333333
2012-04-18,0.23701999999999995
2012-04-19,0.0
2012-04-20,0.0
2012-04-23,0.130575
2012-04-24,0.02035714285714285
2012-04-25,0.0
2012-04-26,-0.35964
2012-04-30,0.0
2012-05-01,0.0
2012-05-02,0.0
2012-05-03,0.125
2012-05-08,0.0
2012-05-09,0.0
2012-05-10,0.0
2012-05-11,0.2732
2012-05-14,-0.13486666666666666
2012-05-15,0.0
2012-05-16,0.08262857142857145
2012-05-17,0.1779
2012-05-18,0.5574
2012-05-21,0.09545
2012-05-22,0.14450000000000002
2012-05-23,0.17020000000000002
2012-05-24,0.0
2012-05-25,0.0
2012-05-28,0.0
2012-05-30,-0.06265714285714287
2012-05-31,0.19985714285714287
2012-06-01,0.0867
2012-06-04,0.005140000000000011
2012-06-05,0.20095
2012-06-06,0.0
2012-06-07,0.11836250000000001
2012-06-10,0.0
2012-06-11,0.07024999999999999
2012-06-12,0.1468
2012-06-13,-0.037
2012-06-14,0.044475
2012-06-15,0.12726666666666667
2012-06-18,0.18358333333333335
2012-06-19,0.1366
2012-06-20,0.1299
2012-06-21,0.0772
2012-06-22,0.08092
2012-06-25,-0.09578571428571428
2012-06-26,0.1868
2012-06-28,-0.5335666666666666
2012-06-29,0.0
2012-07-02,0.4215
2012-07-04,0.0
2012-07-05,0.013128571428571425
2012-07-06,0.0
2012-07-09,0.0
2012-07-10,0.0
2012-07-11,0.34536666666666666
2012-07-12,0.1207692307692308
2012-07-13,-0.00945
2012-07-16,0.11885
2012-07-17,0.074
2012-07-18,0.17417500000000002
2012-07-19,0.0
2012-07-20,-0.022199999999999994
2012-07-23,0.34286666666666665
2012-07-24,0.0
2012-07-25,0.23767499999999997
2012-07-26,0.0
2012-07-27,0.25
2012-07-30,-0.1706
2012-07-31,0.0
2012-08-01,-0.2165
2012-08-02,-0.27136
2012-08-03,0.0
2012-08-06,-0.2732
2012-08-07,0.0
2012-08-08,0.12711666666666666
2012-08-09,0.5106
2012-08-10,0.09866666666666667
2012-08-13,0.0
2012-08-14,0.2737666666666667
2012-08-15,0.11123333333333334
2012-08-16,0.25
2012-08-17,-0.08333333333333333
2012-08-20,0.0281
2012-08-21,-0.28768571428571427
2012-08-22,-0.19342727272727273
2012-08-23,0.13069999999999998
2012-08-24,0.0
2012-08-28,0.37785714285714284
2012-08-29,-0.13472
2012-08-30,0.6597
2012-08-31,0.0
2012-09-04,0.0
2012-09-05,0.0936
2012-09-06,-0.04306666666666667
2012-09-07,0.5267
2012-09-10,-0.06949999999999999
2012-09-11,0.2642
2012-09-12,0.0
2012-09-13,0.1909
2012-09-14,0.25422
2012-09-17,0.09866666666666667
2012-09-18,-0.0978375
2012-09-19,-0.09656666666666668
2012-09-20,-0.07805714285714285
2012-09-21,0.02732
2012-09-24,0.22555833333333333
2012-09-25,0.050575
2012-09-26,0.19063333333333332
2012-09-27,0.1366
2012-09-28,0.3062
2012-10-01,-0.04933333333333333
2012-10-02,-0.27073749999999996
2012-10-03,-0.1366
2012-10-04,0.0
2012-10-05,0.0
2012-10-08,0.0
2012-10-09,-0.20902500000000002
2012-10-10,-0.12040000000000001
2012-10-11,0.04030000000000001
2012-10-12,0.0
2012-10-14,0.0
2012-10-15,-0.07271000000000001
2012-10-16,0.0
2012-10-17,0.17238
2012-10-18,0.0
2012-10-19,0.19733333333333333
2012-10-22,-0.05406666666666665
2012-10-23,0.048613333333333335
2012-10-24,-0.008863636363636367
2012-10-25,0.0
2012-10-26,-0.04228333333333333
2012-10-29,0.0
2012-10-30,0.0
2012-10-31,0.42781250000000004
2012-11-01,0.20566
2012-11-02,0.0
2012-11-04,-0.21075
2012-11-05,0.08706666666666667
2012-11-06,0.24080000000000001
2012-11-07,0.13349999999999998
2012-11-08,-0.36083333333333334
2012-11-09,0.03764999999999996
2012-11-12,0.06427000000000001
2012-11-13,0.0
2012-11-14,-0.10496666666666667
2012-11-15,0.244
2012-11-16,0.08231666666666666
2012-11-19,0.20862857142857144
2012-11-20,0.22666666666666668
2012-11-21,-0.0512875
2012-11-23,-0.12040000000000001
2012-11-26,-0.050575
2012-11-27,-0.07636
2012-11-28,-0.38911428571428575
2012-11-29,0.0129
2012-11-30,-0.21075
2012-12-02,0.0
2012-12-03,-0.08333333333333333
2012-12-04,0.023775
2012-12-05,0.22686
2012-12-06,0.249175
2012-12-07,0.011712499999999997
2012-12-10,0.08991111111111111
2012-12-11,0.0
2012-12-12,0.0
2012-12-13,0.11276666666666668
2012-12-14,0.04216000000000001
2012-12-15,0.2263
2012-12-17,0.0
2012-12-18,-0.18680000000000002
2012-12-19,0.16676666666666665
2012-12-20,0.09545
2012-12-21,0.09388888888888888
2012-12-24,-0.4908272727272728
2012-12-26,-0.024824999999999993
2012-12-27,0.136
2012-12-28,-0.2023
2012-12-31,0.0
2013-01-02,-0.09106666666666667
2013-01-03,0.12040000000000001
2013-01-04,-0.09174285714285714
2013-01-06,-0.296
2013-01-07,0.24695
2013-01-08,0.0903
2013-01-09,0.0
2013-01-10,0.2732
2013-01-11,0.0
2013-01-14,0.100475
2013-01-15,0.0
2013-01-16,-0.03263333333333332
2013-01-17,0.27525
2013-01-18,-0.12765
2013-01-20,0.0
2013-01-22,0.0198625
2013-01-23,0.3612
2013-01-24,0.0
2013-01-25,0.2954666666666667
2013-01-28,0.0
2013-01-29,0.4404
2013-01-30,-0.1003
2013-01-31,0.0
2013-02-01,0.2732
2013-02-04,0.068475
2013-02-05,-0.045533333333333335
2013-02-06,-0.15008000000000002
2013-02-07,0.0
2013-02-08,0.0
2013-02-10,0.0
2013-02-11,0.11839999999999999
2013-02-12,0.07925
2013-02-13,0.3624833333333333
2013-02-14,-0.05135
2013-02-15,0.0
2013-02-16,0.0
2013-02-18,0.2716
2013-02-19,0.3454
2013-02-20,0.09545
2013-02-21,0.146325
2013-02-22,0.19368888888888888
2013-02-25,0.22297142857142857
2013-02-26,0.10908571428571427
2013-02-27,0.1555
2013-02-28,-0.24993333333333334
2013-03-01,0.0
2013-03-04,0.025350000000000008
2013-03-05,0.0231
2013-03-06,0.0
2013-03-07,0.06743333333333333
2013-03-08,0.0
2013-03-09,0.0
2013-03-11,-0.0045600000000000085
2013-03-12,0.28874000000000005
2013-03-13,0.08038
2013-03-14,0.10606666666666666
2013-03-15,0.1582857142857143
2013-03-18,0.24534285714285714
2013-03-19,0.14398333333333332
2013-03-20,0.06291428571428571
2013-03-21,0.0
2013-03-22,0.3496666666666666
2013-03-25,0.4284444444444444
2013-03-26,0.045457142857142856
2013-03-27,-0.07636
2013-03-28,0.318175
2013-04-01,-0.23815555555555554
2013-04-02,-0.06363333333333333
2013-04-03,-0.012450000000000003
2013-04-04,0.0
2013-04-05,0.3182
2013-04-08,-0.0658375
2013-04-09,0.26886666666666664
2013-04-10,-0.10533999999999999
2013-04-11,-0.10115
2013-04-12,0.2069272727272727
2013-04-15,-0.15653999999999998
2013-04-16,0.048933333333333336
2013-04-17,-0.135575
2013-04-18,0.0867
2013-04-19,0.2202
2013-04-23,0.0
2013-04-24,0.1118888888888889
2013-04-25,0.21975
2013-04-26,0.0
2013-04-29,0.0
2013-04-30,0.0
2013-05-01,0.2737857142857143
2013-05-02,0.2905
2013-05-03,0.11296666666666666
2013-05-04,0.0
2013-05-06,0.0
2013-05-07,-0.08416666666666667
2013-05-08,-0.014281818181818184
2013-05-09,-0.22020000000000003
2013-05-10,0.24625714285714287
2013-05-13,0.25
2013-05-14,0.1707625
2013-05-15,0.0
2013-05-16,0.0
2013-05-17,-0.4215
2013-05-18,0.0
2013-05-19,0.0
2013-05-20,0.0
2013-05-21,0.045533333333333335
2013-05-22,0.30679999999999996
2013-05-23,0.048799999999999996
2013-05-24,0.0
2013-05-26,0.0
2013-05-27,0.0
2013-05-28,0.17822500000000002
2013-05-29,-0.026539999999999987
2013-05-30,0.0
2013-05-31,0.0
2013-06-02,0.0
2013-06-03,-0.253775
2013-06-04,0.0903
2013-06-05,0.06606000000000001
2013-06-06,0.074
2013-06-07,-0.09570000000000001
2013-06-08,0.2732
2013-06-10,0.0990625
2013-06-11,-0.18185
2013-06-12,0.0
2013-06-13,-0.025733333333333334
2013-06-14,0.1589
2013-06-17,0.205325
2013-06-18,0.3349166666666667
2013-06-19,0.0
2013-06-20,-0.07304285714285715
2013-06-21,0.09866666666666667
2013-06-23,0.0
2013-06-24,0.0
2013-06-25,0.1143
2013-06-26,0.014122222222222215
2013-06-27,0.42460000000000003
2013-06-28,-0.20400000000000001
2013-06-30,0.2732
2013-07-01,0.07636
2013-07-02,-0.21112499999999998
2013-07-03,0.10115
2013-07-05,0.0905
2013-07-08,0.0
2013-07-09,0.234275
2013-07-10,0.25278
2013-07-11,0.34040000000000004
2013-07-12,0.0
2013-07-14,0.0
2013-07-15,0.2974
2013-07-16,0.1529333333333333
2013-07-17,-0.025733333333333337
2013-07-18,-0.014671428571428571
2013-07-19,-0.0344
2013-07-20,0.0
2013-07-21,0.0
2013-07-22,-0.012866666666666667
2013-07-23,0.0
2013-07-24,-0.24478181818181818
2013-07-25,0.060200000000000004
2013-07-26,0.20095
2013-07-29,0.2502142857142857
2013-07-30,0.0
2013-07-31,-0.18642857142857142
2013-08-01,0.3818
2013-08-02,0.43188333333333334
2013-08-05,-0.05741428571428571
2013-08-06,0.0
2013-08-07,0.019307692307692307
2013-08-08,0.27599999999999997
2013-08-09,0.0
2013-08-12,0.0
2013-08-13,-0.03771666666666667
2013-08-14,0.065
2013-08-15,-0.0012571428571428456
2013-08-16,-0.0128
2013-08-19,0.13965454545454545
2013-08-20,0.01935
2013-08-21,0.029899999999999982
2013-08-22,-0.029916666666666675
2013-08-23,0.22693333333333335
2013-08-26,0.0
2013-08-27,0.078725
2013-08-28,0.0
2013-08-29,-0.00645
2013-08-30,0.07946666666666667
2013-09-03,0.043425000000000005
2013-09-04,0.26696363636363635
2013-09-05,0.05344615384615385
2013-09-06,0.007878571428571434
2013-09-09,0.051466666666666674
2013-09-10,0.05790000000000001
2013-09-11,-0.014386666666666666
2013-09-12,0.05404
2013-09-13,0.0
2013-09-16,0.0386
2013-09-17,0.04825
2013-09-18,0.04995294117647059
2013-09-19,0.10268333333333333
2013-09-20,0.15553333333333333
2013-09-23,0.0772
2013-09-24,0.11938
2013-09-25,0.03509090909090909
2013-09-26,0.09204999999999999
2013-09-27,0.0
2013-09-30,-0.5267
2013-10-01,-0.07689999999999998
2013-10-02,0.0
2013-10-03,0.0
2013-10-05,0.0
2013-10-07,0.3661875
2013-10-08,0.2553
2013-10-09,0.0
2013-10-10,0.0
2013-10-16,0.0
2013-10-17,0.0
2013-10-18,0.0
2013-10-21,0.1531
2013-10-22,0.148
2013-10-23,0.0
2013-10-25,0.128
2013-10-28,0.4588
2013-10-29,0.0
2013-10-30,0.4648
2013-10-31,-0.032
2013-11-05,0.296
2013-11-11,0.2202
2013-11-13,0.0
2013-11-14,0.0
2013-11-20,0.0
2013-11-21,0.0
2013-11-22,0.0
2013-11-26,0.0
2013-11-28,0.296
2013-11-29,0.148
2013-12-02,0.13074285714285716
2013-12-04,0.20095
2013-12-06,0.148
2013-12-09,0.0
2013-12-10,0.0
2013-12-11,-0.09106666666666667
2013-12-12,-0.10536666666666666
2013-12-13,0.2023
2013-12-16,0.296
2013-12-17,0.163725
2013-12-19,0.368
2013-12-20,0.2023
2013-12-23,0.0
2013-12-24,-0.09866666666666667
2013-12-27,0.2715666666666667
2014-01-02,0.10115
2014-01-06,0.2023
2014-01-07,-0.18225
2014-01-08,0.009199999999999986
2014-01-10,0.0
2014-01-13,0.296
2014-01-14,0.0
2014-01-15,0.0
2014-01-16,0.0
2014-01-20,0.0
2014-01-21,0.09866666666666667
2014-01-22,0.0
2014-01-23,0.7003
2014-01-24,0.4939
2014-01-27,0.4767
2014-01-28,0.0
2014-01-29,0.54125
2014-01-30,0.0
2014-01-31,0.6369
2014-02-03,0.06743333333333333
2014-02-04,0.125
2014-02-05,0.296
2014-02-06,0.19733333333333333
2014-02-07,0.008316666666666667
2014-02-10,-0.61505
2014-02-11,0.4939
2014-02-12,0.0
2014-02-13,0.26335
2014-02-14,-0.25
2014-02-16,0.3612
2014-02-18,0.10115
2014-02-19,0.148
2014-02-20,-0.28595
2014-02-21,0.296
2014-02-25,0.0
2014-02-26,0.2023
2014-02-27,0.36819999999999997
2014-02-28,0.0
2014-03-03,0.12367500000000001
2014-03-04,0.0
2014-03-05,0.06440000000000004
2014-03-06,0.0
2014-03-07,-0.6124
2014-03-10,0.0
2014-03-11,0.296
2014-03-12,0.013060000000000006
2014-03-13,0.03426000000000001
2014-03-19,0.11839999999999999
2014-03-20,-0.128
2014-03-21,0.0
2014-03-24,0.296
2014-03-25,-0.26335
2014-03-26,0.18575
2014-03-27,0.4939
2014-03-28,0.296
2014-03-31,0.09659999999999999
2014-04-01,0.17020000000000002
2014-04-02,0.0
2014-04-03,-0.013040000000000006
2014-04-04,0.2787
2014-04-07,0.068
2014-04-09,0.0
2014-04-10,0.0
2014-04-11,-0.015466666666666684
2014-04-14,0.0
2014-04-15,0.10236666666666666
2014-04-16,0.148
2014-04-17,-0.148
2014-04-21,0.10115
2014-04-22,0.13692727272727273
2014-04-23,0.3204
2014-04-24,0.0
2014-04-25,0.4939
2014-04-28,0.5423
2014-04-29,0.0
2014-04-30,0.0
2014-05-01,0.0
2014-05-02,0.09239999999999998
2014-05-05,-0.12765
2014-05-06,0.4215
2014-05-07,0.0
2014-05-08,0.033716666666666666
2014-05-12,0.0
2014-05-13,0.0
2014-05-14,0.010150000000000011
2014-05-15,0.03415
2014-05-16,0.16224
2014-05-17,0.0
2014-05-19,0.20126
2014-05-20,0.04526
2014-05-21,0.0019125000000000114
2014-05-22,0.3941
2014-05-23,0.0
2014-05-27,0.16463333333333333
2014-05-28,0.296
2014-05-29,0.18966666666666665
2014-05-30,0.0
2014-06-02,-0.018850000000000002
2014-06-03,0.28824000000000005
2014-06-04,0.14049999999999999
2014-06-05,0.0
2014-06-06,0.027999999999999997
2014-06-09,0.0
2014-06-11,0.17405
2014-06-13,0.296
2014-06-16,-0.0773
2014-06-17,0.15965000000000001
2014-06-18,0.1494625
2014-06-19,0.08774285714285714
2014-06-20,0.0
2014-06-23,0.0
2014-06-24,0.034699999999999995
2014-06-25,0.34895
2014-06-26,0.19245
2014-06-27,0.29722
2014-06-29,-0.2023
2014-06-30,0.18617499999999998
2014-07-01,0.064
2014-07-03,0.0
2014-07-05,0.0
2014-07-07,0.0
2014-07-09,0.12765
2014-07-10,0.1812
2014-07-14,0.296
2014-07-15,0.059199999999999996
2014-07-16,-0.07689999999999998
2014-07-17,-0.22867142857142858
2014-07-21,0.053599999999999995
2014-07-22,0.07066666666666667
2014-07-23,-0.13795
2014-07-24,0.0
2014-07-25,0.0
2014-07-29,-0.04526
2014-07-30,0.11874444444444444
2014-07-31,0.05856666666666668
2014-08-01,0.033716666666666666
2014-08-04,0.1263
2014-08-05,0.1028375
2014-08-06,0.0
2014-08-07,0.0
2014-08-08,0.0
2014-08-11,0.22406666666666666
2014-08-12,0.1559777777777778
2014-08-13,-0.022477777777777777
2014-08-14,0.16893636363636363
2014-08-15,-0.12212
2014-08-16,0.0
2014-08-18,0.12246000000000001
2014-08-19,-0.0027111111111111116
2014-08-20,-0.03587142857142857
2014-08-21,0.14705714285714283
2014-08-22,-0.06784285714285714
2014-08-25,-0.03938181818181818
2014-08-26,0.0
2014-08-27,0.105375
2014-08-28,0.08386666666666666
2014-08-29,0.28595
2014-08-30,0.0258
2014-09-02,0.074
2014-09-03,0.14035999999999998
2014-09-04,0.011924999999999998
2014-09-05,0.18213333333333334
2014-09-08,0.059199999999999996
2014-09-09,0.26942
2014-09-10,0.15311249999999998
2014-09-11,-0.09085
2014-09-12,0.00645
2014-09-15,0.381
2014-09-16,0.24170000000000003
2014-09-17,0.14486
2014-09-18,0.0
2014-09-19,0.2553
2014-09-20,0.6597
2014-09-22,0.17263333333333333
2014-09-23,0.15293333333333334
2014-09-24,0.28595
2014-09-25,0.22421428571428573
2014-09-26,-0.018800000000000008
2014-09-27,0.0258
2014-09-28,-0.07655
2014-09-29,0.344825
2014-09-30,0.35623333333333335
2014-10-01,0.026089999999999995
2014-10-02,0.22933333333333333
2014-10-03,0.2745
2014-10-04,0.5267
2014-10-06,0.1486333333333333
2014-10-07,0.17157999999999998
2014-10-08,0.09244444444444444
2014-10-09,0.20982727272727272
2014-10-10,0.2698833333333333
2014-10-13,0.14923333333333333
2014-10-14,0.0
2014-10-15,-0.04839000000000001
2014-10-16,0.056575
2014-10-17,-0.064
2014-10-19,0.0
2014-10-20,0.1489181818181818
2014-10-21,0.24695
2014-10-22,0.0875375
2014-10-23,-0.004557142857142855
2014-10-24,0.048458333333333346
2014-10-26,0.24695
2014-10-27,-0.005999999999999998
2014-10-28,0.1502142857142857
2014-10-29,0.12357692307692308
2014-10-30,0.07023333333333331
2014-10-31,-0.05459999999999998
2014-11-01,0.0
2014-11-02,0.0
2014-11-03,0.07731904761904762
2014-11-04,0.13354615384615384
2014-11-05,0.05872
2014-11-06,0.15858
2014-11-07,0.23156666666666667
2014-11-10,0.10352999999999998
2014-11-11,0.020900000000000002
2014-11-12,-0.0008714285714285627
2014-11-13,0.08481666666666667
2014-11-14,0.12483333333333334
2014-11-15,0.0258
2014-11-17,0.13408823529411765
2014-11-18,0.2014
2014-11-19,0.061162499999999995
2014-11-20,0.028271428571428576
2014-11-21,0.28929999999999995
2014-11-24,0.049559090909090914
2014-11-25,0.1877642857142857
2014-11-26,0.20095
2014-11-28,0.0
2014-12-01,-0.04765833333333333
2014-12-02,0.13975
2014-12-03,0.24632500000000002
2014-12-04,0.09106666666666667
2014-12-05,0.26626666666666665
2014-12-07,0.0
2014-12-08,0.06743333333333333
2014-12-09,0.061285714285714284
2014-12-10,0.12351999999999999
2014-12-11,0.10287142857142857
2014-12-12,0.13647142857142858
2014-12-14,0.0
2014-12-15,0.16515294117647059
2014-12-16,0.1708875
2014-12-17,0.20543076923076925
2014-12-18,0.15506153846153847
2014-12-19,0.06616999999999999
2014-12-22,0.11195217391304348
2014-12-23,0.13135
2014-12-24,0.35695
2014-12-26,-0.31043333333333334
2014-12-29,0.026671428571428558
2014-12-30,0.158325
2014-12-31,0.054771428571428575
2015-01-02,0.05018333333333333
2015-01-05,0.05031
2015-01-06,0.06333888888888889
2015-01-07,0.14819999999999997
2015-01-08,0.133875
2015-01-09,0.0538125
2015-01-11,0.0
2015-01-12,0.002394117647058821
2015-01-13,0.0995375
2015-01-14,-0.04340999999999999
2015-01-15,0.12903333333333333
2015-01-16,-0.01073571428571428
2015-01-19,0.0
2015-01-20,0.011076923076923076
2015-01-21,0.138475
2015-01-22,0.0
2015-01-23,0.15067000000000003
2015-01-24,0.20095
2015-01-26,0.058211111111111116
2015-01-27,0.1169470588235294
2015-01-28,0.06963076923076923
2015-01-29,0.10498181818181819
2015-01-30,-0.011120000000000001
2015-02-02,0.22291249999999999
2015-02-03,0.14875185185185186
2015-02-04,0.03881176470588236
2015-02-05,0.053325
2015-02-06,0.044725
2015-02-07,0.743
2015-02-09,0.09766363636363637
2015-02-10,0.06946000000000001
2015-02-11,0.045533333333333335
2015-02-12,0.08774166666666668
2015-02-13,0.18558571428571427
2015-02-16,0.21075
2015-02-17,-0.0202
2015-02-18,0.14008333333333334
2015-02-19,0.04398333333333334
2015-02-20,0.3106857142857143
2015-02-21,0.0
2015-02-22,0.0
2015-02-23,0.04458666666666666
2015-02-24,0.06577777777777777
2015-02-25,0.13443529411764704
2015-02-26,-0.034284615384615386
2015-02-27,0.12488695652173912
2015-03-01,0.0
2015-03-02,0.07340769230769231
2015-03-03,0.12631
2015-03-04,0.19088888888888889
2015-03-05,-0.11817142857142858
2015-03-06,0.105375
2015-03-09,-0.0013000000000000012
2015-03-10,0.22535999999999998
2015-03-11,0.013218750000000003
2015-03-12,0.03282857142857143
2015-03-13,0.11308333333333336
2015-03-16,0.16810833333333333
2015-03-17,0.242625
2015-03-18,0.038566666666666666
2015-03-19,0.11465000000000002
2015-03-20,0.04046
2015-03-23,0.1974
2015-03-24,0.19435
2015-03-25,0.20965
2015-03-26,-0.08488888888888889
2015-03-27,-0.26335
2015-03-30,0.03005
2015-03-31,0.02318571428571429
2015-04-01,-0.09318823529411764
2015-04-02,0.1406
2015-04-03,0.0
2015-04-06,0.12469333333333334
2015-04-07,0.18816
2015-04-08,0.08456
2015-04-09,-0.0021500000000000017
2015-04-10,0.1544125
2015-04-12,0.17020000000000002
2015-04-13,0.05658461538461538
2015-04-14,0.14850454545454547
2015-04-15,-0.10421999999999998
2015-04-16,0.03468181818181819
2015-04-17,0.12009999999999998
2015-04-18,0.296
2015-04-19,0.0
2015-04-20,0.040384615384615394
2015-04-21,0.06622499999999999
2015-04-22,0.09860000000000001
2015-04-23,0.16113846153846156
2015-04-24,0.06224545454545454
2015-04-25,0.0258
2015-04-26,0.100675
2015-04-27,0.08342666666666666
2015-04-28,0.0962888888888889
2015-04-29,0.05219499999999999
2015-04-30,0.14735238095238096
2015-05-01,0.07781666666666667
2015-05-03,0.25
2015-05-04,-0.11100526315789475
2015-05-05,0.026881818181818184
2015-05-06,0.15006470588235293
2015-05-07,-0.10926666666666668
2015-05-08,0.17712666666666668
2015-05-09,0.0258
2015-05-11,0.071812
2015-05-12,0.026
2015-05-13,0.1141153846153846
2015-05-14,-0.049262499999999994
2015-05-15,-0.0593095238095238
2015-05-16,0.0129
2015-05-17,0.60615
2015-05-18,0.11370833333333334
2015-05-19,0.06743333333333333
2015-05-20,0.1487
2015-05-21,0.2022909090909091
2015-05-22,0.28003999999999996
2015-05-23,-0.1779
2015-05-24,0.4939
2015-05-25,0.2732
2015-05-26,0.1889125
2015-05-27,0.0911875
2015-05-28,-0.20244
2015-05-29,0.141675
2015-05-31,0.0
2015-06-01,0.06993333333333333
2015-06-02,0.13075
2015-06-03,0.23868
2015-06-04,0.1425722222222222
2015-06-05,0.22827999999999998
2015-06-08,0.09363529411764705
2015-06-09,0.1468
2015-06-10,0.029347368421052632
2015-06-11,0.04748181818181818
2015-06-12,0.0043
2015-06-13,0.0
2015-06-14,0.296
2015-06-15,0.24222631578947365
2015-06-16,0.0062047619047618996
2015-06-17,0.1682846153846154
2015-06-18,0.1784
2015-06-19,0.031299999999999994
2015-06-20,0.0258
2015-06-21,0.1806
2015-06-22,0.18209999999999998
2015-06-23,0.0637875
2015-06-24,0.06706315789473684
2015-06-25,0.09902142857142857
2015-06-26,0.252825
2015-06-27,0.0258
2015-06-29,0.047661538461538464
2015-06-30,0.2546625
2015-07-01,0.08955652173913044
2015-07-02,0.008458333333333332
2015-07-03,0.4939
2015-07-06,-0.03945714285714286
2015-07-07,0.09029000000000001
2015-07-08,-0.305
2015-07-09,-0.05303333333333333
2015-07-10,-0.04861538461538462
2015-07-13,0.059199999999999996
2015-07-14,0.019200000000000005
2015-07-15,0.14251666666666665
2015-07-16,0.32757142857142857
2015-07-17,0.023899999999999998
2015-07-19,0.4019
2015-07-20,-0.003620000000000001
2015-07-21,0.0
2015-07-22,0.099875
2015-07-23,0.0
2015-07-24,0.07951333333333332
2015-07-27,-0.0329625
2015-07-28,0.1836642857142857
2015-07-29,-0.019965
2015-07-30,0.0039000000000000016
2015-07-31,0.1576142857142857
2015-08-02,0.0
2015-08-03,-0.13635454545454542
2015-08-04,0.0233590909090909
2015-08-05,0.0032599999999999964
2015-08-06,-0.13613478260869566
2015-08-07,-0.03512727272727273
2015-08-09,0.0
2015-08-10,-0.0603375
2015-08-11,0.007457692307692313
2015-08-12,0.039672
2015-08-13,0.09127333333333333
2015-08-14,0.04339615384615385
2015-08-16,0.0625
2015-08-17,-0.019610526315789478
2015-08-18,-0.013716666666666663
2015-08-19,0.11512692307692309
2015-08-20,-0.009773684210526318
2015-08-21,0.08355
2015-08-23,0.17
2015-08-24,0.10037142857142857
2015-08-25,0.16587222222222223
2015-08-26,0.014899999999999997
2015-08-27,-0.02958
2015-08-28,-0.08167272727272729
2015-08-30,0.31245
2015-08-31,0.004428571428571433
2015-09-01,0.19886428571428572
2015-09-02,-0.01156
2015-09-03,0.043691666666666656
2015-09-04,-0.018944444444444444
2015-09-07,0.4019
2015-09-08,0.06420588235294117
2015-09-09,-0.06645652173913044
2015-09-10,0.08761904761904762
2015-09-11,0.08767647058823529
2015-09-12,0.29295
2015-09-13,-0.2732
2015-09-14,0.15785
2015-09-15,0.14355555555555555
2015-09-16,0.1791642857142857
2015-09-17,0.13312222222222223
2015-09-18,-0.08465
2015-09-21,0.09569090909090909
2015-09-22,0.0528076923076923
2015-09-23,0.2227
2015-09-24,0.002848148148148153
2015-09-25,0.37115
2015-09-26,-0.5849
2015-09-28,0.07736666666666665
2015-09-29,0.11016206896551725
2015-09-30,0.13475454545454546
2015-10-01,0.09948333333333331
2015-10-02,-0.1792
2015-10-03,0.0
2015-10-05,0.06946363636363637
2015-10-06,0.07487142857142857
2015-10-07,0.0034411764705882418
2015-10-08,0.15421764705882354
2015-10-09,0.06810000000000001
2015-10-12,0.23217777777777776
2015-10-13,0.04210400000000001
2015-10-14,-0.06356999999999999
2015-10-15,0.07351428571428571
2015-10-16,0.11405714285714286
2015-10-19,0.230885
2015-10-20,0.0751
2015-10-21,0.12000000000000001
2015-10-22,0.02545333333333333
2015-10-23,0.08211428571428571
2015-10-24,0.0
2015-10-25,0.34
2015-10-26,0.06581111111111111
2015-10-27,0.08675882352941178
2015-10-28,0.05922777777777778
2015-10-29,0.13274
2015-10-30,0.02233571428571429
2015-10-31,0.0
2015-11-01,0.0
2015-11-02,0.060438095238095235
2015-11-03,0.012699999999999998
2015-11-04,0.07143529411764706
2015-11-05,0.05566
2015-11-06,0.023958333333333335
2015-11-08,0.33956666666666663
2015-11-09,0.050256756756756754
2015-11-10,-0.08511578947368421
2015-11-11,0.06751111111111112
2015-11-12,0.11686315789473685
2015-11-13,-0.04431428571428571
2015-11-14,0.0
2015-11-16,0.01768260869565218
2015-11-17,0.21923571428571428
2015-11-18,0.05758928571428572
2015-11-19,0.14035
2015-11-20,0.13703684210526315
2015-11-23,0.08877142857142857
2015-11-24,0.138296
2015-11-25,0.032023076923076925
2015-11-27,-0.2101181818181818
2015-11-28,-0.04879999999999998
2015-11-30,0.08554545454545454
2015-12-01,0.267865
2015-12-02,0.098488
2015-12-03,0.11994
2015-12-04,0.15324166666666666
2015-12-06,0.0
2015-12-07,0.16514800000000002
2015-12-08,0.09234705882352942
2015-12-09,0.06797142857142857
2015-12-10,0.196225
2015-12-11,0.09992
2015-12-13,-0.2263
2015-12-14,0.09385384615384615
2015-12-15,0.10519600000000001
2015-12-16,0.062023999999999996
2015-12-17,0.2085875
2015-12-18,0.12622
2015-12-19,0.7269
2015-12-21,0.13951333333333335
2015-12-22,0.019807142857142856
2015-12-23,0.12825714285714288
2015-12-24,-0.006791666666666667
2015-12-28,0.1977125
2015-12-29,0.25353157894736844
2015-12-30,0.28715
2015-12-31,0.028608333333333333
2016-01-02,-0.08905000000000002
2016-01-03,-0.2997
2016-01-04,0.09944736842105265
2016-01-05,0.16000625000000002
2016-01-06,0.08982666666666667
2016-01-07,0.057778571428571436
2016-01-08,0.042333333333333334
2016-01-10,-0.2787
2016-01-11,0.06626111111111112
2016-01-12,0.17451052631578945
2016-01-13,0.15325454545454545
2016-01-14,0.1386
2016-01-15,0.089575
2016-01-17,-0.5574
2016-01-18,0.0
2016-01-19,-0.0483125
2016-01-20,0.1606176470588235
2016-01-21,0.18694166666666667
2016-01-22,0.17606875
2016-01-24,0.2023
2016-01-25,0.0955
2016-01-26,0.14771818181818183
2016-01-27,0.08978461538461538
2016-01-28,0.0061733333333333345
2016-01-29,0.03129333333333333
2016-01-31,-0.6908
2016-02-01,0.06429677419354839
2016-02-02,0.10481851851851852
2016-02-03,-0.06433125
2016-02-04,0.22407692307692306
2016-02-05,0.010149999999999996
2016-02-06,0.5267
2016-02-08,0.14456
2016-02-09,0.05854117647058824
2016-02-10,0.20731000000000002
2016-02-11,0.14397500000000002
2016-02-12,0.15686666666666665
2016-02-14,0.4588
2016-02-16,0.031621052631578946
2016-02-17,0.07631764705882352
2016-02-18,0.0930111111111111
2016-02-19,0.13971
2016-02-22,0.20402499999999998
2016-02-23,-0.04811428571428572
2016-02-24,0.20557142857142857
2016-02-25,0.214708
2016-02-26,0.14366923076923077
2016-02-28,0.0
2016-02-29,0.08601785714285715
2016-03-01,0.03677391304347826
2016-03-02,0.14135714285714282
2016-03-03,-0.03062857142857143
2016-03-04,0.04948888888888889
2016-03-07,0.08706923076923076
2016-03-08,0.086225
2016-03-09,0.11384285714285713
2016-03-10,0.22616
2016-03-11,0.04228571428571428
2016-03-13,0.0
2016-03-14,0.18698125
2016-03-15,0.08952
2016-03-16,0.021015384615384616
2016-03-17,0.04521666666666666
2016-03-18,0.18896
2016-03-20,0.0
2016-03-21,0.19622666666666663
2016-03-22,-0.021854545454545453
2016-03-23,0.14527142857142855
2016-03-24,0.10834285714285714
2016-03-25,0.2553
2016-03-28,0.09290000000000001
2016-03-29,0.09757500000000001
2016-03-30,0.10805555555555557
2016-03-31,0.03409
2016-04-01,0.16826000000000002
2016-04-02,-0.19733333333333333
2016-04-03,0.0
2016-04-04,0.2109375
2016-04-05,0.13674722222222224
2016-04-06,0.22929230769230768
2016-04-07,0.026375000000000003
2016-04-08,0.05741666666666667
2016-04-11,0.05645294117647059
2016-04-12,0.1358923076923077
2016-04-13,0.16328
2016-04-14,0.28134615384615386
2016-04-15,-0.004962500000000002
2016-04-17,0.0
2016-04-18,0.13927142857142857
2016-04-19,0.07136
2016-04-20,0.12137142857142857
2016-04-21,0.005733333333333331
2016-04-22,0.022999999999999982
2016-04-25,0.0494625
2016-04-26,0.06943636363636362
2016-04-27,0.053459999999999994
2016-04-28,0.09624761904761904
2016-04-29,0.015877777777777775
2016-04-30,0.0
2016-05-02,0.108821875
2016-05-03,0.04923157894736841
2016-05-04,0.17370666666666665
2016-05-05,0.03298518518518519
2016-05-06,0.011892857142857148
2016-05-09,0.15369
2016-05-10,0.032145454545454547
2016-05-11,0.07647999999999999
2016-05-12,0.05922000000000001
2016-05-13,0.16323636363636365
2016-05-16,0.038592592592592595
2016-05-17,0.21213809523809526
2016-05-18,0.0780875
2016-05-19,0.13248125
2016-05-20,-0.014489999999999998
2016-05-22,-0.5574
2016-05-23,0.015245652173913047
2016-05-24,0.022049999999999997
2016-05-25,0.008079999999999999
2016-05-26,0.12852666666666665
2016-05-27,-0.3374470588235294
2016-05-30,0.0
2016-05-31,0.08651785714285713
2016-06-01,0.039488888888888886
2016-06-02,0.07026666666666667
2016-06-03,0.11608181818181817
2016-06-05,-0.043899999999999995
2016-06-06,-0.03594375
2016-06-07,0.3064071428571428
2016-06-08,0.038837500000000004
2016-06-09,0.155
2016-06-10,0.07552
2016-06-11,-0.4767
2016-06-13,0.08039090909090908
2016-06-14,0.1403263157894737
2016-06-15,0.16897037037037035
2016-06-16,0.06553333333333333
2016-06-17,0.013377272727272722
2016-06-19,0.0
2016-06-20,-0.01898235294117647
2016-06-21,0.04848333333333334
2016-06-22,0.09419285714285715
2016-06-23,0.12558421052631577
2016-06-24,-0.017411999999999993
2016-06-25,0.0
2016-06-26,0.0
2016-06-27,0.21452666666666667
2016-06-28,-0.10671304347826087
2016-06-29,-0.07786
2016-06-30,0.076752
2016-07-01,0.0636
2016-07-05,0.10023636363636364
2016-07-06,0.12315000000000001
2016-07-07,-0.0609
2016-07-08,0.10911666666666668
2016-07-09,0.7906
2016-07-10,0.0
2016-07-11,0.097225
2016-07-12,0.023690909090909096
2016-07-13,0.04810909090909091
2016-07-14,0.09328095238095238
2016-07-15,0.07048333333333333
2016-07-18,0.0014235294117646994
2016-07-19,0.22933199999999998
2016-07-20,0.10375000000000001
2016-07-21,0.17744615384615384
2016-07-22,-0.3570857142857143
2016-07-24,0.0
2016-07-25,0.21590666666666666
2016-07-26,0.17995
2016-07-27,0.07621538461538462
2016-07-28,0.015711764705882356
2016-07-29,-0.014886666666666663
2016-07-30,0.5090666666666667
2016-08-01,0.07030833333333335
2016-08-02,0.04652666666666667
2016-08-03,-0.004000000000000001
2016-08-04,0.0306952380952381
2016-08-05,0.1503875
2016-08-07,0.0
2016-08-08,0.1597235294117647
2016-08-09,0.13049473684210527
2016-08-10,0.14026923076923076
2016-08-11,0.06230666666666666
2016-08-12,0.0929
2016-08-14,0.0
2016-08-15,0.07456279069767442
2016-08-16,0.019867999999999997
2016-08-17,0.16215555555555555
2016-08-18,0.12885833333333332
2016-08-19,0.007343750000000003
2016-08-20,0.0
2016-08-22,0.01920357142857143
2016-08-23,0.050390476190476194
2016-08-24,0.10268636363636365
2016-08-25,0.21394545454545455
2016-08-26,0.1257
2016-08-27,0.0
2016-08-28,0.0
2016-08-29,0.08737058823529412
2016-08-30,-0.04406428571428571
2016-08-31,0.08302000000000001
2016-09-01,0.09765
2016-09-02,0.06780625
2016-09-06,0.12905
2016-09-07,0.11615
2016-09-08,0.1283611111111111
2016-09-09,0.052335000000000007
2016-09-11,-0.10534999999999997
2016-09-12,0.10174782608695651
2016-09-13,0.028810000000000002
2016-09-14,0.0341375
2016-09-15,0.09989333333333333
2016-09-16,0.012653333333333334
2016-09-19,0.04209999999999999
2016-09-20,0.14468666666666669
2016-09-21,0.0517
2016-09-22,0.17124666666666666
2016-09-23,0.0826125
2016-09-26,-0.019058333333333333
2016-09-27,0.17905714285714286
2016-09-28,0.13625833333333334
2016-09-29,0.109195
2016-09-30,0.23010625
2016-10-02,0.4404
2016-10-03,-0.0029909090909090944
2016-10-04,0.31201
2016-10-05,-0.22552941176470587
2016-10-06,0.05673999999999999
2016-10-07,0.16594166666666668
2016-10-09,0.5574
2016-10-10,0.11569285714285714
2016-10-11,0.09921818181818183
2016-10-12,-0.009349999999999997
2016-10-13,0.13377777777777777
2016-10-14,0.05331666666666666
2016-10-17,0.11913333333333334
2016-10-18,0.0468
2016-10-19,0.1832
2016-10-20,0.18099375
2016-10-21,0.04249333333333334
2016-10-22,0.4767
2016-10-23,0.0
2016-10-24,0.07790571428571429
2016-10-25,0.16398666666666667
2016-10-26,0.08961538461538462
2016-10-27,0.15448666666666666
2016-10-28,0.06575555555555555
2016-10-30,0.0
2016-10-31,0.1411625
2016-11-01,0.030657894736842106
2016-11-02,0.1706291666666667
2016-11-03,0.08035357142857143
2016-11-04,0.13996
2016-11-07,0.13402045454545453
2016-11-08,0.03983076923076923
2016-11-09,0.1330666666666667
2016-11-10,0.14127058823529412
2016-11-11,0.1326736842105263
2016-11-12,0.0
2016-11-13,0.0
2016-11-14,0.06583913043478261
2016-11-15,0.0827
2016-11-16,0.13060476190476192
2016-11-17,0.07941785714285714
2016-11-18,0.06170769230769231
2016-11-21,0.09916666666666667
2016-11-22,0.0686625
2016-11-23,0.07238666666666665
2016-11-25,-0.02455
2016-11-28,-0.01541428571428571
2016-11-29,0.06964117647058823
2016-11-30,0.13954166666666667
2016-12-01,0.1765842105263158
2016-12-02,0.01106
2016-12-03,0.4588
2016-12-04,-0.2732
2016-12-05,-0.05852222222222222
2016-12-06,0.08462173913043478
2016-12-07,0.133475
2016-12-08,0.11888666666666665
2016-12-09,-0.024310000000000005
2016-12-12,-0.09171538461538462
2016-12-13,0.087865
2016-12-14,0.12134615384615384
2016-12-15,0.03715833333333332
2016-12-16,0.2982333333333333
2016-12-18,0.4767
2016-12-19,0.1438125
2016-12-20,0.1304
2016-12-21,0.22598
2016-12-22,0.20766428571428572
2016-12-23,-0.17257916666666664
2016-12-27,0.12349583333333332
2016-12-28,0.21508000000000002
2016-12-29,-0.05852222222222222
2016-12-30,-0.5161714285714286
2017-01-02,0.6369
2017-01-03,0.09691999999999999
2017-01-04,0.20065714285714287
2017-01-05,0.13074999999999998
2017-01-06,0.05351111111111112
2017-01-07,0.7096
2017-01-09,0.11472272727272727
2017-01-10,-0.07976666666666667
2017-01-11,-0.008091666666666665
2017-01-12,0.024550000000000016
2017-01-13,0.0
2017-01-17,0.09869677419354839
2017-01-18,0.09121666666666667
2017-01-19,0.1749318181818182
2017-01-20,0.22695555555555558
2017-01-22,0.0
2017-01-23,0.14627692307692308
2017-01-24,0.029419047619047616
2017-01-25,0.0342375
2017-01-26,0.0681095238095238
2017-01-27,0.07305625
2017-01-28,-0.3818
2017-01-29,0.0
2017-01-30,0.0666037037037037
2017-01-31,0.1005111111111111
2017-02-01,0.05849285714285714
2017-02-02,0.11238
2017-02-03,0.16764444444444443
2017-02-05,0.34
2017-02-06,0.20801666666666666
2017-02-07,0.06048
2017-02-08,0.05041818181818183
2017-02-09,0.0
2017-02-10,0.04515
2017-02-13,0.05571875000000001
2017-02-14,0.03752
2017-02-15,0.022487500000000007
2017-02-16,0.12559411764705883
2017-02-17,0.22698888888888888
2017-02-19,0.6249
2017-02-21,0.21453529411764705
2017-02-22,-0.09673076923076922
2017-02-23,0.09657142857142856
2017-02-24,0.2074818181818182
2017-02-26,0.0
2017-02-27,0.14370434782608696
2017-02-28,0.150295
2017-03-01,0.09502857142857143
2017-03-02,0.11448181818181818
2017-03-03,0.01822307692307692
2017-03-04,0.0
2017-03-06,0.083175
2017-03-07,0.048547368421052624
2017-03-08,0.09030526315789474
2017-03-09,0.1579894736842105
2017-03-10,0.22538
2017-03-11,0.4754
2017-03-13,-0.000833333333333334
2017-03-14,0.14972
2017-03-15,0.03903809523809524
2017-03-16,-0.018309090909090903
2017-03-17,0.3858333333333333
2017-03-20,0.18705999999999998
2017-03-21,0.14092352941176473
2017-03-22,0.21208999999999997
2017-03-23,0.15732142857142856
2017-03-24,0.12417
2017-03-27,0.003350000000000001
2017-03-28,0.12727777777777777
2017-03-29,0.23185000000000003
2017-03-30,0.08346666666666668
2017-03-31,0.08291176470588235
2017-04-03,0.095925
2017-04-04,0.10925172413793104
2017-04-05,0.2066
2017-04-06,0.16638125
2017-04-07,-0.14397692307692306
2017-04-09,-0.07203333333333335
2017-04-10,0.0751125
2017-04-11,0.06716
2017-04-12,0.11493043478260868
2017-04-13,0.2869909090909091
2017-04-14,0.296
2017-04-15,0.0
2017-04-16,0.0
2017-04-17,0.007605714285714284
2017-04-18,0.0029777777777777827
2017-04-19,-0.031015384615384615
2017-04-20,0.197576
2017-04-21,0.24412
2017-04-24,0.22844615384615385
2017-04-25,0.03372666666666667
2017-04-26,0.129875
2017-04-27,0.08685555555555555
2017-04-28,0.026516666666666664
2017-05-01,0.12358823529411765
2017-05-02,-0.010511111111111112
2017-05-03,0.08768421052631578
2017-05-04,-0.060842307692307696
2017-05-05,0.2014
2017-05-08,0.20036818181818183
2017-05-09,0.08165
2017-05-10,0.061905263157894734
2017-05-11,0.15360999999999997
2017-05-12,0.17149999999999999
2017-05-14,0.0
2017-05-15,0.1287888888888889
2017-05-16,-0.0044399999999999995
2017-05-17,0.29014999999999996
2017-05-18,-0.02089166666666667
2017-05-19,0.08333333333333333
2017-05-22,0.15026666666666666
2017-05-23,-0.10432307692307695
2017-05-24,-0.09973333333333335
2017-05-25,0.11543636363636364
2017-05-26,0.247225
2017-05-30,0.18902
2017-05-31,0.07718888888888889
2017-06-01,0.024836363636363636
2017-06-02,-0.033555555555555554
2017-06-05,0.025764705882352933
2017-06-06,0.21409090909090908
2017-06-07,-0.04216666666666667
2017-06-08,0.13377272727272727
2017-06-09,0.04760526315789474
2017-06-10,0.0
2017-06-12,0.14346470588235294
2017-06-13,-0.057725
2017-06-14,-0.035245454545454545
2017-06-15,0.28015999999999996
2017-06-16,0.1748125
2017-06-19,0.17067333333333332
2017-06-20,0.0
2017-06-21,0.09123846153846155
2017-06-22,0.1659625
2017-06-23,-0.0784125
2017-06-24,0.0
2017-06-26,0.173805
2017-06-27,0.08985882352941175
2017-06-28,0.0167625
2017-06-29,0.09333076923076922
2017-06-30,0.12764285714285714
2017-07-02,0.0
2017-07-03,0.10663333333333332
2017-07-05,0.2829714285714286
2017-07-06,0.07013749999999999
2017-07-07,-0.0090125
2017-07-10,0.2220642857142857
2017-07-11,0.019270588235294123
2017-07-12,0.029970000000000004
2017-07-13,0.05447058823529411
2017-07-14,0.0528375
2017-07-16,0.0
2017-07-17,0.19776666666666665
2017-07-18,0.092415
2017-07-19,0.08761818181818182
2017-07-20,-0.0002500000000000033
2017-07-21,0.08257
2017-07-24,0.21654166666666666
2017-07-25,0.2012611111111111
2017-07-26,0.138125
2017-07-27,0.1476
2017-07-28,0.007746153846153846
2017-07-29,0.3612
2017-07-31,0.14968947368421054
2017-08-01,0.009476923076923079
2017-08-02,0.19292
2017-08-03,0.062383333333333346
2017-08-04,0.10988888888888888
2017-08-07,0.23238124999999998
2017-08-08,0.069828125
2017-08-09,0.12755217391304347
2017-08-10,-0.21025454545454544
2017-08-11,-0.0657125
2017-08-14,0.22344
2017-08-15,0.3209153846153846
2017-08-16,0.09538000000000002
2017-08-17,0.29401428571428573
2017-08-18,-0.1589
2017-08-21,-0.12990000000000002
2017-08-22,0.058100000000000006
2017-08-23,-0.11035714285714285
2017-08-24,0.11652222222222225
2017-08-25,0.4480285714285714
2017-08-26,0.0
2017-08-27,0.0
2017-08-28,-0.010170967741935485
2017-08-29,0.24770833333333334
2017-08-30,0.12765
2017-08-31,0.08276363636363636
2017-09-01,-0.02138
2017-09-04,0.4588
2017-09-05,0.23413
2017-09-06,0.14621333333333333
2017-09-07,0.23849166666666669
2017-09-08,0.0688375
2017-09-11,0.1723
2017-09-12,0.21396666666666664
2017-09-13,0.08296875000000001
2017-09-14,0.13162727272727273
2017-09-15,0.1909
2017-09-18,0.12312857142857143
2017-09-19,0.15283
2017-09-20,0.046816666666666666
2017-09-21,0.12040000000000001
2017-09-22,0.06768750000000001
2017-09-24,0.0
2017-09-25,0.13890666666666665
2017-09-26,0.14376666666666665
2017-09-27,0.27804545454545454
2017-09-28,0.026909523809523817
2017-09-29,0.10365
2017-10-02,-0.040176470588235286
2017-10-03,0.09208
2017-10-04,-0.0407
2017-10-05,0.22241538461538463
2017-10-06,0.24785000000000001
2017-10-09,-0.03061000000000001
2017-10-10,0.3429875
2017-10-11,0.19556363636363638
2017-10-12,0.02013636363636364
2017-10-13,0.33616666666666667
2017-10-16,-0.04019
2017-10-17,0.125945
2017-10-18,0.05650769230769231
2017-10-19,-0.012110526315789476
2017-10-20,0.08711818181818182
2017-10-21,0.6369
2017-10-22,0.0
2017-10-23,0.10539545454545456
2017-10-24,0.12679333333333334
2017-10-25,0.16742352941176472
2017-10-26,0.07694615384615384
2017-10-27,0.02236470588235294
2017-10-29,0.0
2017-10-30,0.17204375
2017-10-31,0.167225
2017-11-01,0.08600000000000001
2017-11-02,0.17093103448275862
2017-11-03,-0.04873333333333333
2017-11-04,0.0
2017-11-06,0.022477777777777777
2017-11-07,0.06746666666666666
2017-11-08,0.04382142857142857
2017-11-09,0.10406521739130435
2017-11-10,0.0678
2017-11-12,0.2394666666666667
2017-11-13,0.07600625
2017-11-14,0.08403999999999999
2017-11-15,0.252625
2017-11-16,-0.01683684210526316
2017-11-17,0.09608461538461538
2017-11-19,0.2449
2017-11-20,0.10378823529411764
2017-11-21,0.47012857142857145
2017-11-22,0.1718285714285714
2017-11-24,0.03555
2017-11-27,0.09122857142857142
2017-11-28,0.17776
2017-11-29,0.37775714285714285
2017-11-30,0.159225
2017-12-01,0.3243
2017-12-02,0.6369
2017-12-04,0.24298000000000003
2017-12-05,0.13085714285714284
2017-12-06,0.06749166666666667
2017-12-07,0.16205
2017-12-08,0.15885
2017-12-11,0.1666
2017-12-12,-0.00010769230769231291
2017-12-13,0.2188
2017-12-14,0.1307
2017-12-15,0.06124
2017-12-18,0.12847333333333333
2017-12-19,0.08441538461538461
2017-12-20,0.38235384615384616
2017-12-21,0.28336666666666666
2017-12-22,0.24419473684210527
2017-12-23,0.5267
2017-12-26,0.05966499999999999
2017-12-27,0.29970800000000003
2017-12-28,0.1643235294117647
2017-12-29,0.21545
2017-12-30,0.0
2018-01-01,0.0
2018-01-02,0.14395555555555556
2018-01-03,0.3085
2018-01-04,0.21835
2018-01-05,0.02659230769230769
2018-01-08,0.09762222222222222
2018-01-09,0.33714000000000005
2018-01-10,0.23695
2018-01-11,0.15054736842105265
2018-01-12,0.0969
2018-01-13,0.7089
2018-01-15,0.0
2018-01-16,0.33373333333333327
2018-01-17,0.06182222222222222
2018-01-18,0.23645
2018-01-19,0.10963999999999999
2018-01-22,0.01607857142857143
2018-01-23,0.1696416666666667
2018-01-24,0.1288875
2018-01-25,0.07652142857142856
2018-01-26,-0.015879999999999995
2018-01-29,0.15766666666666668
2018-01-30,0.155625
2018-01-31,0.11859
2018-02-01,-0.04857142857142858
2018-02-02,0.29478333333333334
2018-02-04,-0.3612
2018-02-05,0.1759375
2018-02-06,0.1771103448275862
2018-02-07,-0.004713333333333332
2018-02-08,0.18607894736842104
2018-02-09,0.17316153846153848
2018-02-12,0.1397909090909091
2018-02-13,0.07784999999999999
2018-02-14,0.08433125
2018-02-15,-0.007939999999999992
2018-02-16,0.11383999999999998
2018-02-20,0.1585
2018-02-21,0.16375714285714288
2018-02-22,0.004621428571428576
2018-02-23,0.10887142857142858
2018-02-25,0.2553
2018-02-26,0.14258333333333334
2018-02-27,0.09886666666666666
2018-02-28,0.0185
2018-03-01,0.008446666666666668
2018-03-02,0.07598
2018-03-05,0.10159166666666668
2018-03-06,0.15946666666666667
2018-03-07,0.06905000000000001
2018-03-08,0.0
2018-03-09,0.08885714285714284
2018-03-12,0.157505
2018-03-13,0.006291666666666672
2018-03-14,0.27936923076923076
2018-03-15,0.25351111111111113
2018-03-16,0.07573793103448276
2018-03-19,0.2311625
2018-03-20,0.20808749999999998
2018-03-21,0.4076875
2018-03-22,0.12541666666666668
2018-03-23,0.14049999999999999
2018-03-26,0.22382142857142856
2018-03-27,0.1907222222222222
2018-03-28,0.11013999999999999
2018-03-29,0.04063333333333333
2018-04-02,0.06355238095238096
2018-04-03,0.08962727272727272
2018-04-04,-0.03094999999999999
2018-04-05,0.0
2018-04-06,0.1701
2018-04-08,0.0
2018-04-09,-0.08268333333333333
2018-04-10,0.08621333333333334
2018-04-11,0.2419578947368421
2018-04-12,0.2466
2018-04-13,0.0
2018-04-16,0.18488666666666667
2018-04-17,0.30172
2018-04-18,0.008324999999999999
2018-04-19,0.127
2018-04-20,0.17226666666666665
2018-04-23,0.40387000000000006
2018-04-24,0.14120833333333332
2018-04-25,0.068
2018-04-26,0.13404285714285713
2018-04-27,-0.03822222222222222
2018-04-29,0.0
2018-04-30,0.014953846153846154
2018-05-01,-0.041188888888888886
2018-05-02,0.1427090909090909
2018-05-03,0.14354166666666665
2018-05-04,0.05077
2018-05-07,0.06245238095238096
2018-05-08,0.11222857142857141
2018-05-09,0.19997499999999999
2018-05-10,0.1246875
2018-05-11,0.19588
2018-05-14,0.19061
2018-05-15,0.2577125
2018-05-16,0.3110964285714286
2018-05-17,0.10498750000000001
2018-05-18,0.23974615384615383
2018-05-21,-0.07833333333333335
2018-05-22,0.07658666666666666
2018-05-23,0.18305
2018-05-24,-0.064
2018-05-25,0.13467777777777779
2018-05-26,0.0
2018-05-29,0.23493
2018-05-30,0.0287111111111111
2018-05-31,0.1692076923076923
2018-06-01,-0.020799999999999996
2018-06-02,0.0
2018-06-03,0.0
2018-06-04,0.1881090909090909
2018-06-05,0.2825
2018-06-06,0.0
2018-06-07,0.13464666666666666
2018-06-08,-0.0032909090909090917
2018-06-11,0.06356428571428571
2018-06-12,-0.1199777777777778
2018-06-13,0.11736153846153845
2018-06-14,0.26727142857142855
2018-06-15,0.13835555555555556
2018-06-18,0.0
2018-06-19,0.19246470588235295
2018-06-20,-0.1575625
2018-06-21,-0.0981375
2018-06-22,0.2947714285714286
2018-06-25,0.22052
2018-06-26,0.28295555555555557
2018-06-27,0.0751
2018-06-28,0.09613333333333335
2018-06-29,0.0927125
2018-07-01,0.0
2018-07-02,0.13971666666666668
2018-07-03,0.0
2018-07-04,-0.802
2018-07-05,0.15845625
2018-07-06,-0.009689999999999995
2018-07-07,0.0
2018-07-09,0.349725
2018-07-10,0.22555000000000003
2018-07-11,0.009712499999999992
2018-07-12,0.20052
2018-07-13,-0.02928888888888889
2018-07-16,0.09718181818181817
2018-07-17,-0.03914666666666666
2018-07-18,0.04471538461538461
2018-07-19,0.029500000000000005
2018-07-20,0.07222941176470588
2018-07-22,0.0
2018-07-23,0.06599444444444444
2018-07-24,0.11436315789473686
2018-07-25,-0.014166666666666664
2018-07-26,0.032947619047619045
2018-07-27,0.024035483870967746
2018-07-30,-0.021522222222222224
2018-07-31,0.1209095238095238
2018-08-01,0.06259166666666667
2018-08-02,-0.0008486486486486542
2018-08-03,0.0276304347826087
2018-08-06,0.03868499999999999
2018-08-07,0.050416666666666665
2018-08-08,0.018752000000000005
2018-08-09,0.07551111111111111
2018-08-10,0.03656923076923077
2018-08-13,0.3244
2018-08-14,0.12952272727272726
2018-08-15,0.079868
2018-08-16,-0.0867
2018-08-17,0.01860500000000001
2018-08-20,0.19349999999999998
2018-08-21,0.038235
2018-08-22,0.016958333333333336
2018-08-23,0.1750230769230769
2018-08-24,0.12247
2018-08-27,0.08194444444444443
2018-08-28,0.12684
2018-08-29,0.07864666666666667
2018-08-30,0.07962999999999999
2018-08-31,0.10514166666666667
2018-09-04,0.0031722222222222243
2018-09-05,-0.06576190476190476
2018-09-06,-0.065944
2018-09-07,-0.087675
2018-09-10,-0.026475999999999996
2018-09-11,0.10489
2018-09-12,-0.10078571428571428
2018-09-13,-0.034823529411764705
2018-09-14,-0.04960454545454545
2018-09-16,0.4939
2018-09-17,-0.1366
2018-09-18,-0.02789791666666666
2018-09-19,0.04282666666666666
2018-09-20,-0.14845135135135135
2018-09-21,-0.17918666666666666
2018-09-23,0.0
2018-09-24,-0.1570737704918033
2018-09-25,-0.1727690909090909
2018-09-26,-0.19267794117647058
2018-09-27,-0.1887225
2018-09-28,0.1553909090909091
2018-10-01,0.174675
2018-10-02,-0.09112173913043478
2018-10-03,0.0016903225806451578
2018-10-04,-0.1474409090909091
2018-10-05,-0.019785714285714264
2018-10-07,0.31845
2018-10-08,-0.22892920353982302
2018-10-09,0.23096153846153847
2018-10-10,-0.23693452380952382
2018-10-11,-0.16925042735042733
2018-10-12,-0.2589584269662921
2018-10-13,-0.0772
2018-10-15,0.05900952380952381
2018-10-16,0.10529999999999999
2018-10-17,0.0852375
2018-10-18,0.14872000000000002
2018-10-19,0.08966
2018-10-22,0.018291304347826085
2018-10-23,-0.20928169014084508
2018-10-24,-0.21666875
2018-10-25,0.0717181818181818
2018-10-26,0.030979999999999997
2018-10-29,-0.2059
2018-10-30,-0.1709070707070707
2018-10-31,0.026381481481481478
2018-11-01,-0.15664776119402984
2018-11-02,0.08688181818181817
2018-11-03,0.0
2018-11-05,0.1176258064516129
2018-11-06,0.0201
2018-11-07,0.049191304347826086
2018-11-08,-0.03371363636363636
2018-11-09,-0.04264375
2018-11-11,0.0
2018-11-12,0.13594545454545454
2018-11-13,-0.021383333333333338
2018-11-14,0.12174230769230768
2018-11-15,-0.08603863636363636
2018-11-16,-0.085272
2018-11-19,-0.07056666666666668
2018-11-20,-0.1577181818181818
2018-11-21,-0.22648461538461537
2018-11-22,0.0
2018-11-23,-0.14463064516129032
2018-11-26,0.15882631578947368
2018-11-27,-0.07556764705882352
2018-11-28,-0.12513050847457627
2018-11-29,-0.13488653846153847
2018-11-30,-0.02428333333333334
2018-12-03,0.10722857142857144
2018-12-04,-0.09743793103448276
2018-12-05,0.2732
2018-12-06,0.16408888888888887
2018-12-07,0.23048181818181818
2018-12-10,-0.195675
2018-12-11,0.09481
2018-12-12,-0.013669736842105262
2018-12-13,0.11964999999999999
2018-12-14,-0.15789886363636363
2018-12-17,-0.1401831932773109
2018-12-18,0.0033421052631579067
2018-12-19,-0.18667011494252875
2018-12-20,-0.16697654320987654
2018-12-21,0.16875714285714286
2018-12-23,0.21075
2018-12-24,-0.10760999999999998
2018-12-26,0.09523333333333332
2018-12-27,0.03440555555555556
2018-12-28,0.070275
2018-12-29,-0.02200000000000002
2018-12-30,0.6124
2018-12-31,0.029599999999999998
2019-01-02,0.02695714285714285
2019-01-03,0.0611
2019-01-04,0.07083333333333333
2019-01-06,0.0
2019-01-07,0.06335714285714286
2019-01-08,0.07749523809523809
2019-01-09,0.041633333333333335
2019-01-10,0.19915454545454547
2019-01-11,0.004634375
2019-01-12,0.07655
2019-01-14,0.055594000000000005
2019-01-15,0.010546153846153842
2019-01-16,0.1838
2019-01-17,0.1866307692307692
2019-01-18,0.092
2019-01-22,-0.03989444444444444
2019-01-23,0.017745454545454543
2019-01-24,0.003319047619047629
2019-01-25,0.018945454545454543
2019-01-28,-0.04142222222222222
2019-01-29,0.09523
2019-01-30,-0.10041
2019-01-31,0.0905
2019-02-01,0.0829090909090909
2019-02-02,-0.128
2019-02-03,0.0
2019-02-04,0.20322777777777776
2019-02-05,-0.025654166666666672
2019-02-06,0.03047499999999999
2019-02-07,0.2081923076923077
2019-02-08,0.25125625
2019-02-10,-0.5994
2019-02-11,0.09787333333333333
2019-02-12,-0.014912000000000002
2019-02-13,0.03374285714285715
2019-02-14,-0.02949591836734694
2019-02-15,0.09183
2019-02-18,0.3182
2019-02-19,0.21132083333333332
2019-02-20,0.04562631578947369
2019-02-21,0.21055
2019-02-22,0.06357692307692307
2019-02-24,0.0
2019-02-25,0.03320526315789473
2019-02-26,0.05149375
2019-02-27,0.09145384615384614
2019-02-28,0.09334615384615383
2019-03-01,-0.032
2019-03-04,0.03645333333333333
2019-03-05,0.13732727272727271
2019-03-06,0.050041176470588235
2019-03-07,0.049659999999999996
2019-03-08,0.14835625
2019-03-09,0.0
2019-03-11,0.146925
2019-03-12,0.0873
2019-03-13,0.033887499999999994
2019-03-14,0.04088
2019-03-15,0.09666470588235294
2019-03-18,0.07942727272727272
2019-03-19,-0.004538461538461538
2019-03-20,0.11252499999999999
2019-03-21,0.12871666666666667
2019-03-22,-0.09538333333333333
2019-03-25,0.18765
2019-03-26,0.1514181818181818
2019-03-27,0.010876470588235291
2019-03-28,0.0921
2019-03-29,0.13073571428571426
2019-03-30,0.3818
2019-04-01,-0.007719999999999999
2019-04-02,-0.11746000000000001
2019-04-03,0.14225454545454544
2019-04-04,0.22055714285714284
2019-04-05,0.14229999999999998
2019-04-07,0.0
2019-04-08,0.2864785714285714
2019-04-09,0.31066153846153843
2019-04-10,0.25948125
2019-04-11,0.1762304347826087
2019-04-12,0.144675
2019-04-14,0.7378
2019-04-15,0.020352380952380948
2019-04-16,0.1453142857142857
2019-04-17,0.2732842105263158
2019-04-18,0.06318620689655172
2019-04-19,0.0
2019-04-20,0.6124
2019-04-21,0.0
2019-04-22,0.1335125
2019-04-23,0.10370000000000001
2019-04-24,-0.011948
2019-04-25,-0.03206111111111111
2019-04-26,0.08199285714285713
2019-04-27,0.0
2019-04-28,-0.7269
2019-04-29,0.119725
2019-04-30,0.09046315789473684
2019-05-01,0.01806428571428571
2019-05-02,0.13859333333333332
2019-05-03,0.12914117647058823
2019-05-06,0.05039259259259259
2019-05-07,0.02581304347826087
2019-05-08,0.078703125
2019-05-09,0.036953571428571426
2019-05-10,0.08217
2019-05-13,0.049333333333333326
2019-05-14,0.13767142857142858
2019-05-15,0.1250642857142857
2019-05-16,0.14122727272727273
2019-05-17,0.0884625
2019-05-18,0.0
2019-05-20,0.12153
2019-05-21,0.25240666666666667
2019-05-22,0.15635625
2019-05-23,-0.07291333333333334
2019-05-24,-0.023725000000000003
2019-05-26,-0.5423
2019-05-28,0.033966666666666666
2019-05-29,-0.08093
2019-05-30,0.11667142857142856
2019-05-31,-0.048728571428571434
2019-06-03,0.20548235294117645
2019-06-04,0.15621176470588236
2019-06-05,-0.0740923076923077
2019-06-06,-0.12606666666666666
2019-06-07,0.14707272727272727
2019-06-10,0.26143684210526313
2019-06-11,0.16770689655172413
2019-06-12,0.1702
2019-06-13,0.1177578947368421
2019-06-14,0.1228777777777778
2019-06-17,0.1595
2019-06-18,0.14405555555555555
2019-06-19,0.14166315789473682
2019-06-20,0.20661818181818184
2019-06-21,0.17256
2019-06-24,0.15624090909090907
2019-06-25,0.11395384615384614
2019-06-26,0.1541833333333333
2019-06-27,0.03195
2019-06-28,0.249625
2019-07-01,0.1365761904761905
2019-07-02,0.09288461538461538
2019-07-03,0.07961764705882354
2019-07-05,-0.192925
2019-07-08,0.081
2019-07-09,0.09340454545454545
2019-07-10,0.24294999999999997
2019-07-11,0.08476153846153847
2019-07-12,0.09705294117647059
2019-07-15,0.08859545454545456
2019-07-16,0.09303999999999998
2019-07-17,0.04571666666666666
2019-07-18,0.10906785714285715
2019-07-19,0.06682142857142857
2019-07-22,0.1458344827586207
2019-07-23,-0.034176470588235294
2019-07-24,0.13777857142857144
2019-07-25,0.014207692307692307
2019-07-26,0.050443243243243244
2019-07-29,-0.009346666666666663
2019-07-30,0.02524255319148936
2019-07-31,0.05878222222222222
2019-08-01,-0.10050238095238095
2019-08-02,-0.04198095238095238
2019-08-05,-0.049960000000000004
2019-08-06,-0.03808
2019-08-07,0.002177142857142856
2019-08-08,0.05166363636363636
2019-08-09,0.054890909090909094
2019-08-12,-0.026110638297872343
2019-08-13,0.111496
2019-08-14,0.05416486486486486
2019-08-15,0.03012857142857143
2019-08-16,0.06879523809523809
2019-08-17,0.0
2019-08-18,0.0
2019-08-19,0.014045714285714285
2019-08-20,-0.023342307692307693
2019-08-21,0.17840666666666666
2019-08-22,0.017957142857142856
2019-08-23,-0.004330769230769232
2019-08-24,0.0
2019-08-26,0.014438888888888883
2019-08-27,-0.046283333333333336
2019-08-28,0.03285
2019-08-29,0.01409666666666667
2019-08-30,0.06374375
2019-08-31,0.0
2019-09-03,0.14725555555555556
2019-09-04,-0.140035
2019-09-05,0.09444374999999999
2019-09-06,0.09428333333333333
2019-09-09,0.051812
2019-09-10,0.13598125
2019-09-11,0.08937999999999999
2019-09-12,0.0803
2019-09-13,0.08883666666666666
2019-09-15,0.0
2019-09-16,-0.002261904761904759
2019-09-17,0.06663333333333332
2019-09-18,0.05971666666666667
2019-09-19,0.11764444444444444
2019-09-20,0.218425
2019-09-21,0.4019
2019-09-22,0.4215
2019-09-23,0.08408421052631579
2019-09-24,0.06348888888888889
2019-09-25,0.026699999999999998
2019-09-26,0.03193846153846154
2019-09-27,0.006278571428571427
2019-09-29,-0.3612
2019-09-30,0.018858333333333335
2019-10-01,0.08255185185185185
2019-10-02,0.09098666666666669
2019-10-03,0.10144285714285714
2019-10-04,-0.03981428571428572
2019-10-05,0.0
2019-10-07,0.199132
2019-10-08,0.11813571428571427
2019-10-09,0.057358333333333324
2019-10-10,0.07860666666666667
2019-10-11,0.27806666666666663
2019-10-12,0.0
2019-10-14,0.06512941176470588
2019-10-15,0.13519565217391305
2019-10-16,0.05644074074074074
2019-10-17,0.036899999999999995
2019-10-18,0.030283333333333332
2019-10-21,0.14566363636363636
2019-10-22,0.04261875
2019-10-23,0.002796226415094336
2019-10-24,-0.010332432432432434
2019-10-25,0.022246666666666658
2019-10-28,0.007519512195121949
2019-10-29,0.04162745098039215
2019-10-30,0.055796078431372555
2019-10-31,0.05555135135135136
2019-11-01,0.02983589743589744
2019-11-04,0.022864444444444444
2019-11-05,0.04141076923076923
2019-11-06,-0.01604827586206897
2019-11-07,0.022979746835443036
2019-11-08,0.08137446808510637
2019-11-10,0.5423
2019-11-11,0.05060217391304348
2019-11-12,0.02166235294117647
2019-11-13,-0.01579814814814815
2019-11-14,0.032506521739130434
2019-11-15,-0.030487878787878786
2019-11-18,0.01952083333333333
2019-11-19,-0.07655945945945945
2019-11-20,0.015259999999999998
2019-11-21,-0.06195416666666667
2019-11-22,-0.020582352941176475
2019-11-25,0.0948951219512195
2019-11-26,0.026591666666666666
2019-11-27,-0.040058620689655176
2019-11-29,-0.04174571428571429
2019-12-01,0.1953
2019-12-02,-0.01200588235294118
2019-12-03,-0.06380000000000001
2019-12-04,0.13979473684210525
2019-12-05,0.05421142857142857
2019-12-06,0.04326739130434783
2019-12-07,0.3182
2019-12-09,0.042808823529411774
2019-12-10,0.04754666666666667
2019-12-11,-0.0007088888888888898
2019-12-12,0.106236
2019-12-13,0.0038049999999999968
2019-12-15,0.0
2019-12-16,0.10625762711864406
2019-12-17,0.027420588235294117
2019-12-18,0.03870655737704918
2019-12-19,0.06129999999999999
2019-12-20,0.05984347826086957
2019-12-21,0.2023
2019-12-23,-0.017176923076923076
2019-12-24,0.0622375
2019-12-26,-0.041392857142857155
2019-12-27,0.050986885245901635
2019-12-28,0.6369
2019-12-29,-0.6249
2019-12-30,0.15498
2019-12-31,0.20316363636363635
2020-01-01,-0.5106
2020-01-02,0.05864615384615384
2020-01-03,-0.016433333333333335
2020-01-05,0.2294
2020-01-06,0.12918857142857143
2020-01-07,0.04566388888888889
2020-01-08,0.09521874999999999
2020-01-09,0.029514545454545453
2020-01-10,-0.0010921568627450986
2020-01-11,0.0258
2020-01-13,0.010191666666666663
2020-01-14,0.14392857142857143
2020-01-15,0.02132058823529412
2020-01-16,0.05537183098591549
2020-01-17,-0.02009871794871795
2020-01-18,-0.296
2020-01-19,0.0
2020-01-20,0.0
2020-01-21,0.0573448
2020-01-22,0.007307333333333332
2020-01-23,0.026366666666666663
2020-01-24,0.008216071428571428
2020-01-25,0.0
2020-01-27,-0.0009978947368421082
2020-01-28,-0.007784883720930233
2020-01-29,0.005231325301204817
2020-01-30,-0.03785
2020-01-31,0.0018302083333333315
2020-02-03,0.02604805194805195
2020-02-04,0.034970588235294114
2020-02-05,0.0038066666666666635
2020-02-06,0.005815652173913043
2020-02-07,0.007584210526315787
2020-02-08,0.0
2020-02-10,0.023520353982300884
2020-02-11,0.039949624060150374
2020-02-12,-0.0018595419847328258
2020-02-13,0.013953658536585362
2020-02-14,-2.7777777777778958e-05
2020-02-16,0.0
2020-02-17,0.4869
2020-02-18,0.011018644067796611
2020-02-19,0.015213846153846154
2020-02-20,-0.009179230769230771
2020-02-21,0.009687719298245613
2020-02-23,-0.19317499999999999
2020-02-24,0.005544927536231886
2020-02-25,0.008332231404958678
2020-02-26,-0.023555769230769238
2020-02-27,-0.12666581818181818
2020-02-28,-0.1593251968503937
2020-02-29,-0.42639999999999995
2020-03-01,0.4939
2020-03-02,0.04903428571428571
2020-03-03,0.03976521739130434
2020-03-04,-0.02128723404255319
2020-03-05,-0.06641376811594203
2020-03-06,-0.1471085409252669
2020-03-08,-0.6249
2020-03-09,0.050215254237288134
2020-03-10,-0.06897880794701987
2020-03-11,-0.1418145390070922
2020-03-12,-0.17789434737923948
2020-03-13,-0.056231468531468536
2020-03-14,0.6369
2020-03-15,0.2557
2020-03-16,-0.04931518987341772
2020-03-17,-0.023601724137931036
2020-03-18,-0.055925954198473286
2020-03-19,-0.1581597774244833
2020-03-20,-0.06680847457627119
2020-03-21,0.0
2020-03-22,-0.20296666666666666
2020-03-23,-0.1312216
2020-03-24,0.048319999999999995
2020-03-25,0.0025580357142857136
2020-03-26,0.07912931034482759
2020-03-27,0.16726808510638297
2020-03-28,0.0
2020-03-29,-0.17
2020-03-30,-0.017226605504587156
2020-03-31,0.10416119402985075
2020-04-01,-0.08021153846153847
2020-04-02,0.07613228346456692
2020-04-03,-0.0763235294117647
2020-04-05,0.0
2020-04-06,0.11247957746478873
2020-04-07,0.20146709677419355
2020-04-08,0.14623987341772152
2020-04-09,0.09595548780487806
2020-04-11,-0.3182
2020-04-12,0.0
2020-04-13,-0.046552173913043476
2020-04-14,0.14209290322580645
2020-04-15,-0.10270322580645162
2020-04-16,0.03930854271356784
2020-04-17,0.23050257731958765
2020-04-18,0.11315
2020-04-19,-0.10475555555555556
2020-04-20,0.02162722222222222
2020-04-21,-0.08627038626609443
2020-04-22,0.034522448979591835
2020-04-23,0.08257132075471697
2020-04-24,0.06179959349593495
2020-04-25,-0.21619999999999998
2020-04-26,-0.32992272727272726
2020-04-27,0.1115494699646643
2020-04-28,0.04667476340694006
2020-04-29,0.09009443207126948
2020-04-30,-0.012715163934426229
2020-05-01,-0.07793506493506494
2020-05-02,-0.04429444444444444
2020-05-03,-0.0111
2020-05-04,0.011113544668587895
2020-05-05,0.08148075313807532
2020-05-06,0.004543691148775892
2020-05-07,0.02121642189586115
2020-05-08,0.08294645669291338
2020-05-09,-0.17556666666666665
2020-05-10,-0.007986206896551724
2020-05-11,-0.002044123711340208
2020-05-12,-0.04238062015503877
2020-05-13,-0.21338779599271404
2020-05-14,-0.052089365671641796
2020-05-15,-0.003873291925465838
2020-05-16,0.03334761904761905
2020-05-17,0.002221052631578944
2020-05-18,0.4003531992687386
2020-05-19,0.11318253012048192
2020-05-20,0.2325659436008677
2020-05-21,0.08966306306306307
2020-05-22,0.032172377622377624
2020-05-23,-0.1089818181818182
2020-05-24,0.0036090909090909103
2020-05-25,-0.0870857142857143
2020-05-26,0.4146175159235669
2020-05-27,0.33013455284552845
2020-05-28,0.13609913978494623
2020-05-29,0.08530064724919094
2020-05-30,-0.06069285714285714
2020-05-31,0.2566875
2020-06-01,0.17222685950413222
2020-06-02,0.11511662049861496
2020-06-03,0.4111734722222222
2020-06-04,0.22677472118959108
2020-06-05,0.4988269313304721
2020-06-06,-0.06607272727272727
2020-06-07,0.040156
2020-06-08,0.250060522875817
2020-06-09,0.2830407960199005
2020-06-10,0.04407543424317618
2020-06-11,0.12284136029411764
